<?xml version="1.0" encoding="ISO-8859-1"?>
<ITEM>
<SQL_DESI>rabot</SQL_DESI>
<ITEMS>
	<ARTI>MAF010</ARTI>
	<PERE>MAF010</PERE>
	<SECTEUR>9</SECTEUR>
	<PAGE>41</PAGE>
	<TITRE>I!B</TITRE>
	<STITRE>I(S</STITRE>
	<MODELE></MODELE>
	<FOUR>5479</FOUR>
	<SUPER>252</SUPER>
	<AFF_POIDS>0</AFF_POIDS>
</ITEMS>
<ITEMS>
	<ARTI>ROM010</ARTI>
	<PERE>ROM010</PERE>
	<SECTEUR>9</SECTEUR>
	<PAGE>46</PAGE>
	<TITRE>I!Y</TITRE>
	<STITRE>I()</STITRE>
	<MODELE></MODELE>
	<FOUR>8810</FOUR>
	<SUPER>252</SUPER>
	<AFF_POIDS>0</AFF_POIDS>
</ITEMS>
<ITEMS>
	<ARTI>FES044</ARTI>
	<PERE>FES044</PERE>
	<SECTEUR>9</SECTEUR>
	<PAGE>46</PAGE>
	<TITRE>I!Y</TITRE>
	<STITRE>I-Z</STITRE>
	<MODELE></MODELE>
	<FOUR>3041</FOUR>
	<SUPER>252</SUPER>
	<AFF_POIDS>0</AFF_POIDS>
</ITEMS>
<ITEMS>
	<ARTI>FES013</ARTI>
	<PERE>FES013</PERE>
	<SECTEUR>9</SECTEUR>
	<PAGE>59</PAGE>
	<TITRE>I=E</TITRE>
	<STITRE>I=M</STITRE>
	<MODELE></MODELE>
	<FOUR>3041</FOUR>
	<SUPER>258</SUPER>
	<AFF_POIDS>9</AFF_POIDS>
</ITEMS>
<ITEMS>
	<ARTI>FES064</ARTI>
	<PERE>FES064</PERE>
	<SECTEUR>9</SECTEUR>
	<PAGE>59</PAGE>
	<TITRE>I=E</TITRE>
	<STITRE>I=M</STITRE>
	<MODELE></MODELE>
	<FOUR>3041</FOUR>
	<SUPER>258</SUPER>
	<AFF_POIDS>9</AFF_POIDS>
</ITEMS>
<ITEMS>
	<ARTI>MAK092</ARTI>
	<PERE>MAK092</PERE>
	<SECTEUR>9</SECTEUR>
	<PAGE>58</PAGE>
	<TITRE>IBC</TITRE>
	<STITRE>IGX</STITRE>
	<MODELE></MODELE>
	<FOUR>5480</FOUR>
	<SUPER>258</SUPER>
	<AFF_POIDS>9</AFF_POIDS>
</ITEMS>
<ITEMS>
	<ARTI>ELU0435</ARTI>
	<PERE>ELU0435</PERE>
	<SECTEUR>9</SECTEUR>
	<PAGE>58</PAGE>
	<TITRE>IBC</TITRE>
	<STITRE>IGX</STITRE>
	<MODELE></MODELE>
	<FOUR>380</FOUR>
	<SUPER>258</SUPER>
	<AFF_POIDS>9</AFF_POIDS>
</ITEMS>
<ITEMS>
	<ARTI>FBC040</ARTI>
	<PERE>FBC040</PERE>
	<SECTEUR>9</SECTEUR>
	<PAGE>58</PAGE>
	<TITRE>IBC</TITRE>
	<STITRE>IGX</STITRE>
	<MODELE></MODELE>
	<FOUR>2930</FOUR>
	<SUPER>258</SUPER>
	<AFF_POIDS>9</AFF_POIDS>
</ITEMS>
<ITEMS>
	<ARTI>MAK091</ARTI>
	<PERE>MAK091</PERE>
	<SECTEUR>9</SECTEUR>
	<PAGE>58</PAGE>
	<TITRE>IBC</TITRE>
	<STITRE>IGX</STITRE>
	<MODELE></MODELE>
	<FOUR>5480</FOUR>
	<SUPER>258</SUPER>
	<AFF_POIDS>9</AFF_POIDS>
</ITEMS>
<ITEMS>
	<ARTI>FES0712</ARTI>
	<PERE>FES0712</PERE>
	<SECTEUR>9</SECTEUR>
	<PAGE>59</PAGE>
	<TITRE>I=E</TITRE>
	<STITRE>ICT</STITRE>
	<MODELE></MODELE>
	<FOUR>3041</FOUR>
	<SUPER>258</SUPER>
	<AFF_POIDS>0</AFF_POIDS>
</ITEMS>
<ITEMS>
	<ARTI>FES074</ARTI>
	<PERE>FES074</PERE>
	<SECTEUR>9</SECTEUR>
	<PAGE>59</PAGE>
	<TITRE>I=E</TITRE>
	<STITRE>ICT</STITRE>
	<MODELE></MODELE>
	<FOUR>3041</FOUR>
	<SUPER>258</SUPER>
	<AFF_POIDS>0</AFF_POIDS>
</ITEMS>
<ITEMS>
	<ARTI>FES073</ARTI>
	<PERE>FES073</PERE>
	<SECTEUR>9</SECTEUR>
	<PAGE>59</PAGE>
	<TITRE>I=E</TITRE>
	<STITRE>ICT</STITRE>
	<MODELE></MODELE>
	<FOUR>3041</FOUR>
	<SUPER>258</SUPER>
	<AFF_POIDS>0</AFF_POIDS>
</ITEMS>
<ITEMS>
	<ARTI>MAK211</ARTI>
	<PERE>MAK211</PERE>
	<SECTEUR>9</SECTEUR>
	<PAGE>58</PAGE>
	<TITRE>IBC</TITRE>
	<STITRE>IGY</STITRE>
	<MODELE></MODELE>
	<FOUR>5480</FOUR>
	<SUPER>258</SUPER>
	<AFF_POIDS>0</AFF_POIDS>
</ITEMS>
<ITEMS>
	<ARTI>MAK353</ARTI>
	<PERE>MAK353</PERE>
	<SECTEUR>9</SECTEUR>
	<PAGE>58</PAGE>
	<TITRE>IBC</TITRE>
	<STITRE>IGY</STITRE>
	<MODELE></MODELE>
	<FOUR>5480</FOUR>
	<SUPER>258</SUPER>
	<AFF_POIDS>0</AFF_POIDS>
</ITEMS>
<ITEMS>
	<ARTI>VIB004</ARTI>
	<PERE>VIB004</PERE>
	<SECTEUR>9</SECTEUR>
	<PAGE>58</PAGE>
	<TITRE>IBC</TITRE>
	<STITRE>IGY</STITRE>
	<MODELE></MODELE>
	<FOUR>5650</FOUR>
	<SUPER>258</SUPER>
	<AFF_POIDS>0</AFF_POIDS>
</ITEMS>
<ITEMS>
	<ARTI>MAK401</ARTI>
	<PERE>MAK401</PERE>
	<SECTEUR>9</SECTEUR>
	<PAGE>58</PAGE>
	<TITRE>IBC</TITRE>
	<STITRE>IGY</STITRE>
	<MODELE></MODELE>
	<FOUR>1191</FOUR>
	<SUPER>258</SUPER>
	<AFF_POIDS>0</AFF_POIDS>
</ITEMS>
<ITEMS>
	<ARTI>ISO001</ARTI>
	<PERE>ISO001</PERE>
	<SECTEUR>9</SECTEUR>
	<PAGE>58</PAGE>
	<TITRE>IBC</TITRE>
	<STITRE>IGY</STITRE>
	<MODELE></MODELE>
	<FOUR>4385</FOUR>
	<SUPER>258</SUPER>
	<AFF_POIDS>0</AFF_POIDS>
</ITEMS>
<ITEMS>
	<ARTI>MAK200</ARTI>
	<PERE>MAK200</PERE>
	<SECTEUR>9</SECTEUR>
	<PAGE>58</PAGE>
	<TITRE>IBC</TITRE>
	<STITRE>IGY</STITRE>
	<MODELE></MODELE>
	<FOUR>5480</FOUR>
	<SUPER>258</SUPER>
	<AFF_POIDS>0</AFF_POIDS>
</ITEMS>
<ITEMS>
	<ARTI>MAK438</ARTI>
	<PERE>MAK426</PERE>
	<SECTEUR>9</SECTEUR>
	<PAGE>58</PAGE>
	<TITRE>IBC</TITRE>
	<STITRE>IGY</STITRE>
	<MODELE></MODELE>
	<FOUR>5480</FOUR>
	<SUPER>258</SUPER>
	<AFF_POIDS>0</AFF_POIDS>
</ITEMS>
<ITEMS>
	<ARTI>KIB012</ARTI>
	<PERE>KIB012</PERE>
	<SECTEUR>9</SECTEUR>
	<PAGE>142</PAGE>
	<TITRE>IK+</TITRE>
	<STITRE>IGE</STITRE>
	<MODELE>I!0</MODELE>
	<FOUR>4555</FOUR>
	<SUPER>266</SUPER>
	<AFF_POIDS>0</AFF_POIDS>
</ITEMS>
<ITEMS>
	<ARTI>STA350</ARTI>
	<PERE>STA350</PERE>
	<SECTEUR>9</SECTEUR>
	<PAGE>208</PAGE>
	<TITRE>I4L</TITRE>
	<STITRE>I1L</STITRE>
	<MODELE>I2L</MODELE>
	<FOUR>8230</FOUR>
	<SUPER>277</SUPER>
	<AFF_POIDS>0</AFF_POIDS>
</ITEMS>
<ITEMS>
	<ARTI>STA351</ARTI>
	<PERE>STA350</PERE>
	<SECTEUR>9</SECTEUR>
	<PAGE>208</PAGE>
	<TITRE>I4L</TITRE>
	<STITRE>I1L</STITRE>
	<MODELE>I2L</MODELE>
	<FOUR>8230</FOUR>
	<SUPER>277</SUPER>
	<AFF_POIDS>0</AFF_POIDS>
</ITEMS>
<ITEMS>
	<ARTI>STA354</ARTI>
	<PERE>STA354</PERE>
	<SECTEUR>9</SECTEUR>
	<PAGE>208</PAGE>
	<TITRE>I4L</TITRE>
	<STITRE>I1L</STITRE>
	<MODELE>I2Y</MODELE>
	<FOUR>8230</FOUR>
	<SUPER>277</SUPER>
	<AFF_POIDS>0</AFF_POIDS>
</ITEMS>
<ITEMS>
	<ARTI>STA3540</ARTI>
	<PERE>STA3540</PERE>
	<SECTEUR>9</SECTEUR>
	<PAGE>208</PAGE>
	<TITRE>I4L</TITRE>
	<STITRE>I1L</STITRE>
	<MODELE>I2Y</MODELE>
	<FOUR>8230</FOUR>
	<SUPER>277</SUPER>
	<AFF_POIDS>0</AFF_POIDS>
</ITEMS>
<ITEMS>
	<ARTI>STA352</ARTI>
	<PERE>STA352</PERE>
	<SECTEUR>9</SECTEUR>
	<PAGE>208</PAGE>
	<TITRE>I4L</TITRE>
	<STITRE>I1L</STITRE>
	<MODELE>I3L</MODELE>
	<FOUR>8230</FOUR>
	<SUPER>277</SUPER>
	<AFF_POIDS>0</AFF_POIDS>
</ITEMS>
<ITEMS>
	<ARTI>STA353</ARTI>
	<PERE>STA353</PERE>
	<SECTEUR>9</SECTEUR>
	<PAGE>208</PAGE>
	<TITRE>I4L</TITRE>
	<STITRE>I1L</STITRE>
	<MODELE>I3L</MODELE>
	<FOUR>8230</FOUR>
	<SUPER>277</SUPER>
	<AFF_POIDS>0</AFF_POIDS>
</ITEMS>
<ITEMS>
	<ARTI>STA338</ARTI>
	<PERE>STA338</PERE>
	<SECTEUR>9</SECTEUR>
	<PAGE>208</PAGE>
	<TITRE>I4L</TITRE>
	<STITRE>I5L</STITRE>
	<MODELE>I6L</MODELE>
	<FOUR>8230</FOUR>
	<SUPER>277</SUPER>
	<AFF_POIDS>0</AFF_POIDS>
</ITEMS>
<ITEMS>
	<ARTI>STA335</ARTI>
	<PERE>STA335</PERE>
	<SECTEUR>9</SECTEUR>
	<PAGE>208</PAGE>
	<TITRE>I4L</TITRE>
	<STITRE>I5L</STITRE>
	<MODELE>I6L</MODELE>
	<FOUR>8230</FOUR>
	<SUPER>277</SUPER>
	<AFF_POIDS>0</AFF_POIDS>
</ITEMS>
<ITEMS>
	<ARTI>STA334</ARTI>
	<PERE>STA334</PERE>
	<SECTEUR>9</SECTEUR>
	<PAGE>208</PAGE>
	<TITRE>I4L</TITRE>
	<STITRE>I5L</STITRE>
	<MODELE>I6L</MODELE>
	<FOUR>8230</FOUR>
	<SUPER>277</SUPER>
	<AFF_POIDS>0</AFF_POIDS>
</ITEMS>
<ITEMS>
	<ARTI>STA330</ARTI>
	<PERE>STA330</PERE>
	<SECTEUR>9</SECTEUR>
	<PAGE>208</PAGE>
	<TITRE>I4L</TITRE>
	<STITRE>I5L</STITRE>
	<MODELE>I6L</MODELE>
	<FOUR>8230</FOUR>
	<SUPER>277</SUPER>
	<AFF_POIDS>0</AFF_POIDS>
</ITEMS>
<ITEMS>
	<ARTI>STA331</ARTI>
	<PERE>STA330</PERE>
	<SECTEUR>9</SECTEUR>
	<PAGE>208</PAGE>
	<TITRE>I4L</TITRE>
	<STITRE>I5L</STITRE>
	<MODELE>I6L</MODELE>
	<FOUR>8230</FOUR>
	<SUPER>277</SUPER>
	<AFF_POIDS>0</AFF_POIDS>
</ITEMS>
<ITEMS>
	<ARTI>STA332</ARTI>
	<PERE>STA330</PERE>
	<SECTEUR>9</SECTEUR>
	<PAGE>208</PAGE>
	<TITRE>I4L</TITRE>
	<STITRE>I5L</STITRE>
	<MODELE>I6L</MODELE>
	<FOUR>8230</FOUR>
	<SUPER>277</SUPER>
	<AFF_POIDS>0</AFF_POIDS>
</ITEMS>
<ITEMS>
	<ARTI>STA336</ARTI>
	<PERE>STA336</PERE>
	<SECTEUR>9</SECTEUR>
	<PAGE>208</PAGE>
	<TITRE>I4L</TITRE>
	<STITRE>I5L</STITRE>
	<MODELE>I6L</MODELE>
	<FOUR>8230</FOUR>
	<SUPER>277</SUPER>
	<AFF_POIDS>0</AFF_POIDS>
</ITEMS>
<ITEMS>
	<ARTI>FID029</ARTI>
	<PERE>STA334</PERE>
	<SECTEUR>9</SECTEUR>
	<PAGE>208</PAGE>
	<TITRE>I4L</TITRE>
	<STITRE>I5L</STITRE>
	<MODELE>I7L</MODELE>
	<FOUR>1540</FOUR>
	<SUPER>277</SUPER>
	<AFF_POIDS>0</AFF_POIDS>
</ITEMS>
<ITEMS>
	<ARTI>FID030</ARTI>
	<PERE>STA334</PERE>
	<SECTEUR>9</SECTEUR>
	<PAGE>208</PAGE>
	<TITRE>I4L</TITRE>
	<STITRE>I5L</STITRE>
	<MODELE>I7L</MODELE>
	<FOUR>1540</FOUR>
	<SUPER>277</SUPER>
	<AFF_POIDS>0</AFF_POIDS>
</ITEMS>
<ITEMS>
	<ARTI>FID023</ARTI>
	<PERE>FID023</PERE>
	<SECTEUR>9</SECTEUR>
	<PAGE>208</PAGE>
	<TITRE>I4L</TITRE>
	<STITRE>I5L</STITRE>
	<MODELE>I7L</MODELE>
	<FOUR>1540</FOUR>
	<SUPER>277</SUPER>
	<AFF_POIDS>0</AFF_POIDS>
</ITEMS>
<ITEMS>
	<ARTI>FID024</ARTI>
	<PERE>FID023</PERE>
	<SECTEUR>9</SECTEUR>
	<PAGE>208</PAGE>
	<TITRE>I4L</TITRE>
	<STITRE>I5L</STITRE>
	<MODELE>I7L</MODELE>
	<FOUR>1540</FOUR>
	<SUPER>277</SUPER>
	<AFF_POIDS>0</AFF_POIDS>
</ITEMS>
<ITEMS>
	<ARTI>DEU011</ARTI>
	<PERE>DEU011</PERE>
	<SECTEUR>9</SECTEUR>
	<PAGE>208</PAGE>
	<TITRE>I4L</TITRE>
	<STITRE>I8L</STITRE>
	<MODELE>I9L</MODELE>
	<FOUR>140</FOUR>
	<SUPER>277</SUPER>
	<AFF_POIDS>0</AFF_POIDS>
</ITEMS>
<ITEMS>
	<ARTI>FID027</ARTI>
	<PERE>FID027</PERE>
	<SECTEUR>9</SECTEUR>
	<PAGE>208</PAGE>
	<TITRE>I4L</TITRE>
	<STITRE>I8L</STITRE>
	<MODELE>I9L</MODELE>
	<FOUR>1540</FOUR>
	<SUPER>277</SUPER>
	<AFF_POIDS>0</AFF_POIDS>
</ITEMS>
<ITEMS>
	<ARTI>FID020</ARTI>
	<PERE>FID020</PERE>
	<SECTEUR>9</SECTEUR>
	<PAGE>208</PAGE>
	<TITRE>I4L</TITRE>
	<STITRE>I8L</STITRE>
	<MODELE>I9L</MODELE>
	<FOUR>1540</FOUR>
	<SUPER>277</SUPER>
	<AFF_POIDS>0</AFF_POIDS>
</ITEMS>
<ITEMS>
	<ARTI>DEU010</ARTI>
	<PERE>DEU010</PERE>
	<SECTEUR>9</SECTEUR>
	<PAGE>208</PAGE>
	<TITRE>I4L</TITRE>
	<STITRE>I8L</STITRE>
	<MODELE>I9L</MODELE>
	<FOUR>140</FOUR>
	<SUPER>277</SUPER>
	<AFF_POIDS>0</AFF_POIDS>
</ITEMS>
<ITEMS>
	<ARTI>FID022</ARTI>
	<PERE>FID022</PERE>
	<SECTEUR>9</SECTEUR>
	<PAGE>208</PAGE>
	<TITRE>I4L</TITRE>
	<STITRE>IAM</STITRE>
	<MODELE></MODELE>
	<FOUR>1540</FOUR>
	<SUPER>277</SUPER>
	<AFF_POIDS>0</AFF_POIDS>
</ITEMS>
<ITEMS>
	<ARTI>STA340</ARTI>
	<PERE>STA340</PERE>
	<SECTEUR>9</SECTEUR>
	<PAGE>207</PAGE>
	<TITRE>IUL</TITRE>
	<STITRE>ICM</STITRE>
	<MODELE></MODELE>
	<FOUR>8230</FOUR>
	<SUPER>277</SUPER>
	<AFF_POIDS>0</AFF_POIDS>
</ITEMS>
<ITEMS>
	<ARTI>STA361</ARTI>
	<PERE>STA361</PERE>
	<SECTEUR>9</SECTEUR>
	<PAGE>207</PAGE>
	<TITRE>IUL</TITRE>
	<STITRE>IDM</STITRE>
	<MODELE></MODELE>
	<FOUR>8230</FOUR>
	<SUPER>277</SUPER>
	<AFF_POIDS>0</AFF_POIDS>
</ITEMS>
<ITEMS>
	<ARTI>STA362</ARTI>
	<PERE>STA361</PERE>
	<SECTEUR>9</SECTEUR>
	<PAGE>207</PAGE>
	<TITRE>IUL</TITRE>
	<STITRE>IDM</STITRE>
	<MODELE></MODELE>
	<FOUR>8230</FOUR>
	<SUPER>277</SUPER>
	<AFF_POIDS>0</AFF_POIDS>
</ITEMS>
<ITEMS>
	<ARTI>STA363</ARTI>
	<PERE>STA361</PERE>
	<SECTEUR>9</SECTEUR>
	<PAGE>207</PAGE>
	<TITRE>IUL</TITRE>
	<STITRE>IDM</STITRE>
	<MODELE></MODELE>
	<FOUR>8230</FOUR>
	<SUPER>277</SUPER>
	<AFF_POIDS>0</AFF_POIDS>
</ITEMS>
<ITEMS>
	<ARTI>STA364</ARTI>
	<PERE>STA361</PERE>
	<SECTEUR>9</SECTEUR>
	<PAGE>207</PAGE>
	<TITRE>IUL</TITRE>
	<STITRE>IDM</STITRE>
	<MODELE></MODELE>
	<FOUR>8230</FOUR>
	<SUPER>277</SUPER>
	<AFF_POIDS>0</AFF_POIDS>
</ITEMS>
<ITEMS>
	<ARTI>STA394</ARTI>
	<PERE>STA394</PERE>
	<SECTEUR>9</SECTEUR>
	<PAGE>207</PAGE>
	<TITRE>IUL</TITRE>
	<STITRE>IVL</STITRE>
	<MODELE>IWL</MODELE>
	<FOUR>8230</FOUR>
	<SUPER>277</SUPER>
	<AFF_POIDS>0</AFF_POIDS>
</ITEMS>
<ITEMS>
	<ARTI>STA393</ARTI>
	<PERE>STA393</PERE>
	<SECTEUR>9</SECTEUR>
	<PAGE>207</PAGE>
	<TITRE>IUL</TITRE>
	<STITRE>IVL</STITRE>
	<MODELE>IWL</MODELE>
	<FOUR>8230</FOUR>
	<SUPER>277</SUPER>
	<AFF_POIDS>0</AFF_POIDS>
</ITEMS>
<ITEMS>
	<ARTI>STA391</ARTI>
	<PERE>STA391</PERE>
	<SECTEUR>9</SECTEUR>
	<PAGE>207</PAGE>
	<TITRE>IUL</TITRE>
	<STITRE>IVL</STITRE>
	<MODELE>IXL</MODELE>
	<FOUR>8230</FOUR>
	<SUPER>277</SUPER>
	<AFF_POIDS>0</AFF_POIDS>
</ITEMS>
<ITEMS>
	<ARTI>STA390</ARTI>
	<PERE>STA390</PERE>
	<SECTEUR>9</SECTEUR>
	<PAGE>207</PAGE>
	<TITRE>IUL</TITRE>
	<STITRE>IVL</STITRE>
	<MODELE>IXL</MODELE>
	<FOUR>8230</FOUR>
	<SUPER>277</SUPER>
	<AFF_POIDS>0</AFF_POIDS>
</ITEMS>
<ITEMS>
	<ARTI>BUS001</ARTI>
	<PERE>BUS001</PERE>
	<SECTEUR>9</SECTEUR>
	<PAGE>207</PAGE>
	<TITRE>IUL</TITRE>
	<STITRE>IYL</STITRE>
	<MODELE>I0L</MODELE>
	<FOUR>6000</FOUR>
	<SUPER>277</SUPER>
	<AFF_POIDS>0</AFF_POIDS>
</ITEMS>
<ITEMS>
	<ARTI>STA254</ARTI>
	<PERE>STA254</PERE>
	<SECTEUR>9</SECTEUR>
	<PAGE>207</PAGE>
	<TITRE>IUL</TITRE>
	<STITRE>IYL</STITRE>
	<MODELE>I0L</MODELE>
	<FOUR>8230</FOUR>
	<SUPER>277</SUPER>
	<AFF_POIDS>0</AFF_POIDS>
</ITEMS>
<ITEMS>
	<ARTI>STA255</ARTI>
	<PERE>STA254</PERE>
	<SECTEUR>9</SECTEUR>
	<PAGE>207</PAGE>
	<TITRE>IUL</TITRE>
	<STITRE>IYL</STITRE>
	<MODELE>I0L</MODELE>
	<FOUR>8230</FOUR>
	<SUPER>277</SUPER>
	<AFF_POIDS>0</AFF_POIDS>
</ITEMS>
<ITEMS>
	<ARTI>STA345</ARTI>
	<PERE>STA345</PERE>
	<SECTEUR>9</SECTEUR>
	<PAGE>207</PAGE>
	<TITRE>IUL</TITRE>
	<STITRE>IYL</STITRE>
	<MODELE>IZL</MODELE>
	<FOUR>8230</FOUR>
	<SUPER>277</SUPER>
	<AFF_POIDS>0</AFF_POIDS>
</ITEMS>
<ITEMS>
	<ARTI>LEI041</ARTI>
	<PERE>LEI041</PERE>
	<SECTEUR>10</SECTEUR>
	<PAGE>75</PAGE>
	<TITRE>JC3</TITRE>
	<STITRE>J+K</STITRE>
	<MODELE>J+O</MODELE>
	<FOUR>1822</FOUR>
	<SUPER>298</SUPER>
	<AFF_POIDS>0</AFF_POIDS>
</ITEMS>
<ITEMS>
	<ARTI>LEI043</ARTI>
	<PERE>LEI043</PERE>
	<SECTEUR>10</SECTEUR>
	<PAGE>75</PAGE>
	<TITRE>JC3</TITRE>
	<STITRE>J+K</STITRE>
	<MODELE>J+O</MODELE>
	<FOUR>1822</FOUR>
	<SUPER>298</SUPER>
	<AFF_POIDS>0</AFF_POIDS>
</ITEMS>
<ITEMS>
	<ARTI>LEI045</ARTI>
	<PERE>LEI045</PERE>
	<SECTEUR>10</SECTEUR>
	<PAGE>75</PAGE>
	<TITRE>JC3</TITRE>
	<STITRE>J+K</STITRE>
	<MODELE>J+O</MODELE>
	<FOUR>1822</FOUR>
	<SUPER>298</SUPER>
	<AFF_POIDS>0</AFF_POIDS>
</ITEMS>
<ITEMS>
	<ARTI>LEI047</ARTI>
	<PERE>LEI047</PERE>
	<SECTEUR>10</SECTEUR>
	<PAGE>75</PAGE>
	<TITRE>JC3</TITRE>
	<STITRE>J+K</STITRE>
	<MODELE>J+O</MODELE>
	<FOUR>1822</FOUR>
	<SUPER>298</SUPER>
	<AFF_POIDS>0</AFF_POIDS>
</ITEMS>
<ITEMS>
	<ARTI>LEI049</ARTI>
	<PERE>LEI049</PERE>
	<SECTEUR>10</SECTEUR>
	<PAGE>75</PAGE>
	<TITRE>JC3</TITRE>
	<STITRE>J+K</STITRE>
	<MODELE>J+O</MODELE>
	<FOUR>1822</FOUR>
	<SUPER>298</SUPER>
	<AFF_POIDS>0</AFF_POIDS>
</ITEMS>
<ITEMS>
	<ARTI>LEI051</ARTI>
	<PERE>LEI051</PERE>
	<SECTEUR>10</SECTEUR>
	<PAGE>75</PAGE>
	<TITRE>JC3</TITRE>
	<STITRE>J+K</STITRE>
	<MODELE>J+O</MODELE>
	<FOUR>1822</FOUR>
	<SUPER>298</SUPER>
	<AFF_POIDS>0</AFF_POIDS>
</ITEMS>
<ITEMS>
	<ARTI>LEI053</ARTI>
	<PERE>LEI053</PERE>
	<SECTEUR>10</SECTEUR>
	<PAGE>75</PAGE>
	<TITRE>JC3</TITRE>
	<STITRE>J+K</STITRE>
	<MODELE>J+O</MODELE>
	<FOUR>1822</FOUR>
	<SUPER>298</SUPER>
	<AFF_POIDS>0</AFF_POIDS>
</ITEMS>
<ITEMS>
	<ARTI>LEI055</ARTI>
	<PERE>LEI055</PERE>
	<SECTEUR>10</SECTEUR>
	<PAGE>75</PAGE>
	<TITRE>JC3</TITRE>
	<STITRE>J+K</STITRE>
	<MODELE>J+O</MODELE>
	<FOUR>1822</FOUR>
	<SUPER>298</SUPER>
	<AFF_POIDS>0</AFF_POIDS>
</ITEMS>
<ITEMS>
	<ARTI>LEI057</ARTI>
	<PERE>LEI057</PERE>
	<SECTEUR>10</SECTEUR>
	<PAGE>75</PAGE>
	<TITRE>JC3</TITRE>
	<STITRE>J+K</STITRE>
	<MODELE>J+O</MODELE>
	<FOUR>1822</FOUR>
	<SUPER>298</SUPER>
	<AFF_POIDS>0</AFF_POIDS>
</ITEMS>
<ITEMS>
	<ARTI>LEI040</ARTI>
	<PERE>LEI040</PERE>
	<SECTEUR>10</SECTEUR>
	<PAGE>75</PAGE>
	<TITRE>JC3</TITRE>
	<STITRE>J+K</STITRE>
	<MODELE>J+O</MODELE>
	<FOUR>1822</FOUR>
	<SUPER>298</SUPER>
	<AFF_POIDS>0</AFF_POIDS>
</ITEMS>
<ITEMS>
	<ARTI>LEI042</ARTI>
	<PERE>LEI042</PERE>
	<SECTEUR>10</SECTEUR>
	<PAGE>75</PAGE>
	<TITRE>JC3</TITRE>
	<STITRE>J+K</STITRE>
	<MODELE>J+O</MODELE>
	<FOUR>1822</FOUR>
	<SUPER>298</SUPER>
	<AFF_POIDS>0</AFF_POIDS>
</ITEMS>
<ITEMS>
	<ARTI>LEI044</ARTI>
	<PERE>LEI044</PERE>
	<SECTEUR>10</SECTEUR>
	<PAGE>75</PAGE>
	<TITRE>JC3</TITRE>
	<STITRE>J+K</STITRE>
	<MODELE>J+O</MODELE>
	<FOUR>1822</FOUR>
	<SUPER>298</SUPER>
	<AFF_POIDS>0</AFF_POIDS>
</ITEMS>
<ITEMS>
	<ARTI>LEI046</ARTI>
	<PERE>LEI046</PERE>
	<SECTEUR>10</SECTEUR>
	<PAGE>75</PAGE>
	<TITRE>JC3</TITRE>
	<STITRE>J+K</STITRE>
	<MODELE>J+O</MODELE>
	<FOUR>1822</FOUR>
	<SUPER>298</SUPER>
	<AFF_POIDS>0</AFF_POIDS>
</ITEMS>
<ITEMS>
	<ARTI>LEI048</ARTI>
	<PERE>LEI048</PERE>
	<SECTEUR>10</SECTEUR>
	<PAGE>75</PAGE>
	<TITRE>JC3</TITRE>
	<STITRE>J+K</STITRE>
	<MODELE>J+O</MODELE>
	<FOUR>1822</FOUR>
	<SUPER>298</SUPER>
	<AFF_POIDS>0</AFF_POIDS>
</ITEMS>
<ITEMS>
	<ARTI>LEI050</ARTI>
	<PERE>LEI050</PERE>
	<SECTEUR>10</SECTEUR>
	<PAGE>75</PAGE>
	<TITRE>JC3</TITRE>
	<STITRE>J+K</STITRE>
	<MODELE>J+O</MODELE>
	<FOUR>1822</FOUR>
	<SUPER>298</SUPER>
	<AFF_POIDS>0</AFF_POIDS>
</ITEMS>
<ITEMS>
	<ARTI>LEI052</ARTI>
	<PERE>LEI052</PERE>
	<SECTEUR>10</SECTEUR>
	<PAGE>75</PAGE>
	<TITRE>JC3</TITRE>
	<STITRE>J+K</STITRE>
	<MODELE>J+O</MODELE>
	<FOUR>1822</FOUR>
	<SUPER>298</SUPER>
	<AFF_POIDS>0</AFF_POIDS>
</ITEMS>
<ITEMS>
	<ARTI>LEI054</ARTI>
	<PERE>LEI054</PERE>
	<SECTEUR>10</SECTEUR>
	<PAGE>75</PAGE>
	<TITRE>JC3</TITRE>
	<STITRE>J+K</STITRE>
	<MODELE>J+O</MODELE>
	<FOUR>1822</FOUR>
	<SUPER>298</SUPER>
	<AFF_POIDS>0</AFF_POIDS>
</ITEMS>
<ITEMS>
	<ARTI>LEI056</ARTI>
	<PERE>LEI056</PERE>
	<SECTEUR>10</SECTEUR>
	<PAGE>75</PAGE>
	<TITRE>JC3</TITRE>
	<STITRE>J+K</STITRE>
	<MODELE>J+O</MODELE>
	<FOUR>1822</FOUR>
	<SUPER>298</SUPER>
	<AFF_POIDS>0</AFF_POIDS>
</ITEMS>
<NB_PERES>63</NB_PERES>

<PERES>
	<ARTI>MAF010</ARTI>
	<NB>1</NB>
	<SUPER>252</SUPER>
	<POIDS>1</POIDS>
</PERES>
<PERES>
	<ARTI>ROM010</ARTI>
	<NB>1</NB>
	<SUPER>252</SUPER>
	<POIDS>1</POIDS>
</PERES>
<PERES>
	<ARTI>FES044</ARTI>
	<NB>1</NB>
	<SUPER>252</SUPER>
	<POIDS>1</POIDS>
</PERES>
<PERES>
	<ARTI>FES013</ARTI>
	<NB>1</NB>
	<SUPER>258</SUPER>
	<POIDS>180</POIDS>
</PERES>
<PERES>
	<ARTI>FES064</ARTI>
	<NB>1</NB>
	<SUPER>258</SUPER>
	<POIDS>180</POIDS>
</PERES>
<PERES>
	<ARTI>MAK092</ARTI>
	<NB>1</NB>
	<SUPER>258</SUPER>
	<POIDS>180</POIDS>
</PERES>
<PERES>
	<ARTI>ELU0435</ARTI>
	<NB>1</NB>
	<SUPER>258</SUPER>
	<POIDS>180</POIDS>
</PERES>
<PERES>
	<ARTI>FBC040</ARTI>
	<NB>1</NB>
	<SUPER>258</SUPER>
	<POIDS>180</POIDS>
</PERES>
<PERES>
	<ARTI>MAK091</ARTI>
	<NB>1</NB>
	<SUPER>258</SUPER>
	<POIDS>180</POIDS>
</PERES>
<PERES>
	<ARTI>FES0712</ARTI>
	<NB>1</NB>
	<SUPER>258</SUPER>
	<POIDS>1</POIDS>
</PERES>
<PERES>
	<ARTI>FES074</ARTI>
	<NB>1</NB>
	<SUPER>258</SUPER>
	<POIDS>1</POIDS>
</PERES>
<PERES>
	<ARTI>FES073</ARTI>
	<NB>1</NB>
	<SUPER>258</SUPER>
	<POIDS>1</POIDS>
</PERES>
<PERES>
	<ARTI>MAK211</ARTI>
	<NB>1</NB>
	<SUPER>258</SUPER>
	<POIDS>1</POIDS>
</PERES>
<PERES>
	<ARTI>MAK353</ARTI>
	<NB>1</NB>
	<SUPER>258</SUPER>
	<POIDS>1</POIDS>
</PERES>
<PERES>
	<ARTI>VIB004</ARTI>
	<NB>1</NB>
	<SUPER>258</SUPER>
	<POIDS>1</POIDS>
</PERES>
<PERES>
	<ARTI>MAK401</ARTI>
	<NB>1</NB>
	<SUPER>258</SUPER>
	<POIDS>1</POIDS>
</PERES>
<PERES>
	<ARTI>ISO001</ARTI>
	<NB>1</NB>
	<SUPER>258</SUPER>
	<POIDS>1</POIDS>
</PERES>
<PERES>
	<ARTI>MAK200</ARTI>
	<NB>1</NB>
	<SUPER>258</SUPER>
	<POIDS>1</POIDS>
</PERES>
<PERES>
	<ARTI>MAK426</ARTI>
	<NB>1</NB>
	<SUPER>258</SUPER>
	<POIDS>1</POIDS>
</PERES>
<PERES>
	<ARTI>KIB012</ARTI>
	<NB>1</NB>
	<SUPER>266</SUPER>
	<POIDS>1</POIDS>
</PERES>
<PERES>
	<ARTI>STA350</ARTI>
	<NB>2</NB>
	<SUPER>277</SUPER>
	<POIDS>2</POIDS>
</PERES>
<PERES>
	<ARTI>STA354</ARTI>
	<NB>1</NB>
	<SUPER>277</SUPER>
	<POIDS>1</POIDS>
</PERES>
<PERES>
	<ARTI>STA3540</ARTI>
	<NB>1</NB>
	<SUPER>277</SUPER>
	<POIDS>1</POIDS>
</PERES>
<PERES>
	<ARTI>STA352</ARTI>
	<NB>1</NB>
	<SUPER>277</SUPER>
	<POIDS>1</POIDS>
</PERES>
<PERES>
	<ARTI>STA353</ARTI>
	<NB>1</NB>
	<SUPER>277</SUPER>
	<POIDS>1</POIDS>
</PERES>
<PERES>
	<ARTI>STA338</ARTI>
	<NB>1</NB>
	<SUPER>277</SUPER>
	<POIDS>1</POIDS>
</PERES>
<PERES>
	<ARTI>STA335</ARTI>
	<NB>1</NB>
	<SUPER>277</SUPER>
	<POIDS>1</POIDS>
</PERES>
<PERES>
	<ARTI>STA334</ARTI>
	<NB>3</NB>
	<SUPER>277</SUPER>
	<POIDS>3</POIDS>
</PERES>
<PERES>
	<ARTI>STA330</ARTI>
	<NB>3</NB>
	<SUPER>277</SUPER>
	<POIDS>3</POIDS>
</PERES>
<PERES>
	<ARTI>STA336</ARTI>
	<NB>1</NB>
	<SUPER>277</SUPER>
	<POIDS>1</POIDS>
</PERES>
<PERES>
	<ARTI>FID023</ARTI>
	<NB>2</NB>
	<SUPER>277</SUPER>
	<POIDS>2</POIDS>
</PERES>
<PERES>
	<ARTI>DEU011</ARTI>
	<NB>1</NB>
	<SUPER>277</SUPER>
	<POIDS>1</POIDS>
</PERES>
<PERES>
	<ARTI>FID027</ARTI>
	<NB>1</NB>
	<SUPER>277</SUPER>
	<POIDS>1</POIDS>
</PERES>
<PERES>
	<ARTI>FID020</ARTI>
	<NB>1</NB>
	<SUPER>277</SUPER>
	<POIDS>1</POIDS>
</PERES>
<PERES>
	<ARTI>DEU010</ARTI>
	<NB>1</NB>
	<SUPER>277</SUPER>
	<POIDS>1</POIDS>
</PERES>
<PERES>
	<ARTI>FID022</ARTI>
	<NB>1</NB>
	<SUPER>277</SUPER>
	<POIDS>1</POIDS>
</PERES>
<PERES>
	<ARTI>STA340</ARTI>
	<NB>1</NB>
	<SUPER>277</SUPER>
	<POIDS>1</POIDS>
</PERES>
<PERES>
	<ARTI>STA361</ARTI>
	<NB>4</NB>
	<SUPER>277</SUPER>
	<POIDS>4</POIDS>
</PERES>
<PERES>
	<ARTI>STA394</ARTI>
	<NB>1</NB>
	<SUPER>277</SUPER>
	<POIDS>1</POIDS>
</PERES>
<PERES>
	<ARTI>STA393</ARTI>
	<NB>1</NB>
	<SUPER>277</SUPER>
	<POIDS>1</POIDS>
</PERES>
<PERES>
	<ARTI>STA391</ARTI>
	<NB>1</NB>
	<SUPER>277</SUPER>
	<POIDS>1</POIDS>
</PERES>
<PERES>
	<ARTI>STA390</ARTI>
	<NB>1</NB>
	<SUPER>277</SUPER>
	<POIDS>1</POIDS>
</PERES>
<PERES>
	<ARTI>BUS001</ARTI>
	<NB>1</NB>
	<SUPER>277</SUPER>
	<POIDS>1</POIDS>
</PERES>
<PERES>
	<ARTI>STA254</ARTI>
	<NB>2</NB>
	<SUPER>277</SUPER>
	<POIDS>2</POIDS>
</PERES>
<PERES>
	<ARTI>STA345</ARTI>
	<NB>1</NB>
	<SUPER>277</SUPER>
	<POIDS>1</POIDS>
</PERES>
<PERES>
	<ARTI>LEI041</ARTI>
	<NB>1</NB>
	<SUPER>298</SUPER>
	<POIDS>1</POIDS>
</PERES>
<PERES>
	<ARTI>LEI043</ARTI>
	<NB>1</NB>
	<SUPER>298</SUPER>
	<POIDS>1</POIDS>
</PERES>
<PERES>
	<ARTI>LEI045</ARTI>
	<NB>1</NB>
	<SUPER>298</SUPER>
	<POIDS>1</POIDS>
</PERES>
<PERES>
	<ARTI>LEI047</ARTI>
	<NB>1</NB>
	<SUPER>298</SUPER>
	<POIDS>1</POIDS>
</PERES>
<PERES>
	<ARTI>LEI049</ARTI>
	<NB>1</NB>
	<SUPER>298</SUPER>
	<POIDS>1</POIDS>
</PERES>
<PERES>
	<ARTI>LEI051</ARTI>
	<NB>1</NB>
	<SUPER>298</SUPER>
	<POIDS>1</POIDS>
</PERES>
<PERES>
	<ARTI>LEI053</ARTI>
	<NB>1</NB>
	<SUPER>298</SUPER>
	<POIDS>1</POIDS>
</PERES>
<PERES>
	<ARTI>LEI055</ARTI>
	<NB>1</NB>
	<SUPER>298</SUPER>
	<POIDS>1</POIDS>
</PERES>
<PERES>
	<ARTI>LEI057</ARTI>
	<NB>1</NB>
	<SUPER>298</SUPER>
	<POIDS>1</POIDS>
</PERES>
<PERES>
	<ARTI>LEI040</ARTI>
	<NB>1</NB>
	<SUPER>298</SUPER>
	<POIDS>1</POIDS>
</PERES>
<PERES>
	<ARTI>LEI042</ARTI>
	<NB>1</NB>
	<SUPER>298</SUPER>
	<POIDS>1</POIDS>
</PERES>
<PERES>
	<ARTI>LEI044</ARTI>
	<NB>1</NB>
	<SUPER>298</SUPER>
	<POIDS>1</POIDS>
</PERES>
<PERES>
	<ARTI>LEI046</ARTI>
	<NB>1</NB>
	<SUPER>298</SUPER>
	<POIDS>1</POIDS>
</PERES>
<PERES>
	<ARTI>LEI048</ARTI>
	<NB>1</NB>
	<SUPER>298</SUPER>
	<POIDS>1</POIDS>
</PERES>
<PERES>
	<ARTI>LEI050</ARTI>
	<NB>1</NB>
	<SUPER>298</SUPER>
	<POIDS>1</POIDS>
</PERES>
<PERES>
	<ARTI>LEI052</ARTI>
	<NB>1</NB>
	<SUPER>298</SUPER>
	<POIDS>1</POIDS>
</PERES>
<PERES>
	<ARTI>LEI054</ARTI>
	<NB>1</NB>
	<SUPER>298</SUPER>
	<POIDS>1</POIDS>
</PERES>
<PERES>
	<ARTI>LEI056</ARTI>
	<NB>1</NB>
	<SUPER>298</SUPER>
	<POIDS>1</POIDS>
</PERES>
<NB>73</NB>

</ITEM>