<?xml version="1.0" encoding="ISO-8859-1"?>
<ITEM>
<SQL_DESI>boit let</SQL_DESI>
<ITEMS>
	<ARTI>DEC001</ARTI>
	<PERE>DEC001</PERE>
	<SECTEUR>6</SECTEUR>
	<PAGE>101</PAGE>
	<TITRE>F6Q</TITRE>
	<STITRE>F7Q</STITRE>
	<MODELE></MODELE>
	<FOUR>1615</FOUR>
	<SUPER>204</SUPER>
	<AFF_POIDS>0</AFF_POIDS>
</ITEMS>
<ITEMS>
	<ARTI>DEC002</ARTI>
	<PERE>DEC002</PERE>
	<SECTEUR>6</SECTEUR>
	<PAGE>101</PAGE>
	<TITRE>F6Q</TITRE>
	<STITRE>F8Q</STITRE>
	<MODELE></MODELE>
	<FOUR>1615</FOUR>
	<SUPER>204</SUPER>
	<AFF_POIDS>0</AFF_POIDS>
</ITEMS>
<ITEMS>
	<ARTI>DEC004</ARTI>
	<PERE>DEC004</PERE>
	<SECTEUR>6</SECTEUR>
	<PAGE>101</PAGE>
	<TITRE>F6Q</TITRE>
	<STITRE>F8Q</STITRE>
	<MODELE></MODELE>
	<FOUR>1615</FOUR>
	<SUPER>204</SUPER>
	<AFF_POIDS>0</AFF_POIDS>
</ITEMS>
<ITEMS>
	<ARTI>DEC007</ARTI>
	<PERE>DEC007</PERE>
	<SECTEUR>6</SECTEUR>
	<PAGE>101</PAGE>
	<TITRE>F6Q</TITRE>
	<STITRE>F9Q</STITRE>
	<MODELE></MODELE>
	<FOUR>1615</FOUR>
	<SUPER>204</SUPER>
	<AFF_POIDS>0</AFF_POIDS>
</ITEMS>
<ITEMS>
	<ARTI>DEC009</ARTI>
	<PERE>DEC009</PERE>
	<SECTEUR>6</SECTEUR>
	<PAGE>101</PAGE>
	<TITRE>F6Q</TITRE>
	<STITRE>FAR</STITRE>
	<MODELE></MODELE>
	<FOUR>1615</FOUR>
	<SUPER>204</SUPER>
	<AFF_POIDS>0</AFF_POIDS>
</ITEMS>
<ITEMS>
	<ARTI>DEC010</ARTI>
	<PERE>DEC010</PERE>
	<SECTEUR>6</SECTEUR>
	<PAGE>101</PAGE>
	<TITRE>F6Q</TITRE>
	<STITRE>FBR</STITRE>
	<MODELE></MODELE>
	<FOUR>1615</FOUR>
	<SUPER>204</SUPER>
	<AFF_POIDS>0</AFF_POIDS>
</ITEMS>
<ITEMS>
	<ARTI>DEC027</ARTI>
	<PERE>DEC027</PERE>
	<SECTEUR>6</SECTEUR>
	<PAGE>101</PAGE>
	<TITRE>F6Q</TITRE>
	<STITRE>FCR</STITRE>
	<MODELE></MODELE>
	<FOUR>1615</FOUR>
	<SUPER>204</SUPER>
	<AFF_POIDS>0</AFF_POIDS>
</ITEMS>
<ITEMS>
	<ARTI>DEC026</ARTI>
	<PERE>DEC026</PERE>
	<SECTEUR>6</SECTEUR>
	<PAGE>101</PAGE>
	<TITRE>F6Q</TITRE>
	<STITRE>FCR</STITRE>
	<MODELE></MODELE>
	<FOUR>1615</FOUR>
	<SUPER>204</SUPER>
	<AFF_POIDS>0</AFF_POIDS>
</ITEMS>
<ITEMS>
	<ARTI>DEC024</ARTI>
	<PERE>DEC024</PERE>
	<SECTEUR>6</SECTEUR>
	<PAGE>100</PAGE>
	<TITRE>FDR</TITRE>
	<STITRE>F&#38;(</STITRE>
	<MODELE></MODELE>
	<FOUR>1615</FOUR>
	<SUPER>204</SUPER>
	<AFF_POIDS>0</AFF_POIDS>
</ITEMS>
<ITEMS>
	<ARTI>DEC023</ARTI>
	<PERE>DEC023</PERE>
	<SECTEUR>6</SECTEUR>
	<PAGE>100</PAGE>
	<TITRE>FDR</TITRE>
	<STITRE>F&#38;(</STITRE>
	<MODELE></MODELE>
	<FOUR>1615</FOUR>
	<SUPER>204</SUPER>
	<AFF_POIDS>0</AFF_POIDS>
</ITEMS>
<ITEMS>
	<ARTI>DEC025</ARTI>
	<PERE>DEC025</PERE>
	<SECTEUR>6</SECTEUR>
	<PAGE>100</PAGE>
	<TITRE>FDR</TITRE>
	<STITRE>F&#38;(</STITRE>
	<MODELE></MODELE>
	<FOUR>1615</FOUR>
	<SUPER>204</SUPER>
	<AFF_POIDS>0</AFF_POIDS>
</ITEMS>
<ITEMS>
	<ARTI>DEC0110</ARTI>
	<PERE>DEC0110</PERE>
	<SECTEUR>6</SECTEUR>
	<PAGE>100</PAGE>
	<TITRE>FDR</TITRE>
	<STITRE>F0Z</STITRE>
	<MODELE>F64</MODELE>
	<FOUR>1615</FOUR>
	<SUPER>204</SUPER>
	<AFF_POIDS>0</AFF_POIDS>
</ITEMS>
<ITEMS>
	<ARTI>DEC011</ARTI>
	<PERE>DEC011</PERE>
	<SECTEUR>6</SECTEUR>
	<PAGE>100</PAGE>
	<TITRE>FDR</TITRE>
	<STITRE>F0Z</STITRE>
	<MODELE>F64</MODELE>
	<FOUR>1615</FOUR>
	<SUPER>204</SUPER>
	<AFF_POIDS>0</AFF_POIDS>
</ITEMS>
<ITEMS>
	<ARTI>DEC0112</ARTI>
	<PERE>DEC0112</PERE>
	<SECTEUR>6</SECTEUR>
	<PAGE>100</PAGE>
	<TITRE>FDR</TITRE>
	<STITRE>F0Z</STITRE>
	<MODELE>F65</MODELE>
	<FOUR>1615</FOUR>
	<SUPER>204</SUPER>
	<AFF_POIDS>0</AFF_POIDS>
</ITEMS>
<ITEMS>
	<ARTI>DEC0111</ARTI>
	<PERE>DEC0111</PERE>
	<SECTEUR>6</SECTEUR>
	<PAGE>100</PAGE>
	<TITRE>FDR</TITRE>
	<STITRE>F0Z</STITRE>
	<MODELE>F65</MODELE>
	<FOUR>1615</FOUR>
	<SUPER>204</SUPER>
	<AFF_POIDS>0</AFF_POIDS>
</ITEMS>
<ITEMS>
	<ARTI>DEC01910</ARTI>
	<PERE>DEC0190</PERE>
	<SECTEUR>6</SECTEUR>
	<PAGE>100</PAGE>
	<TITRE>FDR</TITRE>
	<STITRE>FER</STITRE>
	<MODELE>F1P</MODELE>
	<FOUR>1615</FOUR>
	<SUPER>204</SUPER>
	<AFF_POIDS>0</AFF_POIDS>
</ITEMS>
<ITEMS>
	<ARTI>DEC0190</ARTI>
	<PERE>DEC0190</PERE>
	<SECTEUR>6</SECTEUR>
	<PAGE>100</PAGE>
	<TITRE>FDR</TITRE>
	<STITRE>FER</STITRE>
	<MODELE>F1P</MODELE>
	<FOUR>1615</FOUR>
	<SUPER>204</SUPER>
	<AFF_POIDS>0</AFF_POIDS>
</ITEMS>
<ITEMS>
	<ARTI>DEC0191</ARTI>
	<PERE>DEC0190</PERE>
	<SECTEUR>6</SECTEUR>
	<PAGE>100</PAGE>
	<TITRE>FDR</TITRE>
	<STITRE>FER</STITRE>
	<MODELE>F1P</MODELE>
	<FOUR>1615</FOUR>
	<SUPER>204</SUPER>
	<AFF_POIDS>0</AFF_POIDS>
</ITEMS>
<ITEMS>
	<ARTI>DEC0192</ARTI>
	<PERE>DEC0190</PERE>
	<SECTEUR>6</SECTEUR>
	<PAGE>100</PAGE>
	<TITRE>FDR</TITRE>
	<STITRE>FER</STITRE>
	<MODELE>F2P</MODELE>
	<FOUR>1615</FOUR>
	<SUPER>204</SUPER>
	<AFF_POIDS>0</AFF_POIDS>
</ITEMS>
<ITEMS>
	<ARTI>DEC021</ARTI>
	<PERE>DEC020</PERE>
	<SECTEUR>6</SECTEUR>
	<PAGE>100</PAGE>
	<TITRE>FDR</TITRE>
	<STITRE>FFR</STITRE>
	<MODELE>FVK</MODELE>
	<FOUR>1615</FOUR>
	<SUPER>204</SUPER>
	<AFF_POIDS>0</AFF_POIDS>
</ITEMS>
<ITEMS>
	<ARTI>DEC020</ARTI>
	<PERE>DEC020</PERE>
	<SECTEUR>6</SECTEUR>
	<PAGE>100</PAGE>
	<TITRE>FDR</TITRE>
	<STITRE>FFR</STITRE>
	<MODELE>FVK</MODELE>
	<FOUR>1615</FOUR>
	<SUPER>204</SUPER>
	<AFF_POIDS>0</AFF_POIDS>
</ITEMS>
<ITEMS>
	<ARTI>DEC0211</ARTI>
	<PERE>DEC020</PERE>
	<SECTEUR>6</SECTEUR>
	<PAGE>100</PAGE>
	<TITRE>FDR</TITRE>
	<STITRE>FFR</STITRE>
	<MODELE>FVS</MODELE>
	<FOUR>1615</FOUR>
	<SUPER>204</SUPER>
	<AFF_POIDS>0</AFF_POIDS>
</ITEMS>
<ITEMS>
	<ARTI>DEC0210</ARTI>
	<PERE>DEC020</PERE>
	<SECTEUR>6</SECTEUR>
	<PAGE>100</PAGE>
	<TITRE>FDR</TITRE>
	<STITRE>FFR</STITRE>
	<MODELE>FVS</MODELE>
	<FOUR>1615</FOUR>
	<SUPER>204</SUPER>
	<AFF_POIDS>0</AFF_POIDS>
</ITEMS>
<ITEMS>
	<ARTI>DEC019</ARTI>
	<PERE>DEC019</PERE>
	<SECTEUR>6</SECTEUR>
	<PAGE>100</PAGE>
	<TITRE>FDR</TITRE>
	<STITRE>FGR</STITRE>
	<MODELE></MODELE>
	<FOUR>1615</FOUR>
	<SUPER>204</SUPER>
	<AFF_POIDS>0</AFF_POIDS>
</ITEMS>
<ITEMS>
	<ARTI>DEC0218</ARTI>
	<PERE>DEC0217</PERE>
	<SECTEUR>6</SECTEUR>
	<PAGE>100</PAGE>
	<TITRE>FDR</TITRE>
	<STITRE>FHR</STITRE>
	<MODELE></MODELE>
	<FOUR>1615</FOUR>
	<SUPER>204</SUPER>
	<AFF_POIDS>0</AFF_POIDS>
</ITEMS>
<ITEMS>
	<ARTI>DEC0217</ARTI>
	<PERE>DEC0217</PERE>
	<SECTEUR>6</SECTEUR>
	<PAGE>100</PAGE>
	<TITRE>FDR</TITRE>
	<STITRE>FHR</STITRE>
	<MODELE></MODELE>
	<FOUR>1615</FOUR>
	<SUPER>204</SUPER>
	<AFF_POIDS>0</AFF_POIDS>
</ITEMS>
<ITEMS>
	<ARTI>DEC030</ARTI>
	<PERE>DEC030</PERE>
	<SECTEUR>6</SECTEUR>
	<PAGE>100</PAGE>
	<TITRE>FDR</TITRE>
	<STITRE>FIR</STITRE>
	<MODELE>FKR</MODELE>
	<FOUR>1615</FOUR>
	<SUPER>204</SUPER>
	<AFF_POIDS>0</AFF_POIDS>
</ITEMS>
<ITEMS>
	<ARTI>DEC029</ARTI>
	<PERE>DEC029</PERE>
	<SECTEUR>6</SECTEUR>
	<PAGE>100</PAGE>
	<TITRE>FDR</TITRE>
	<STITRE>FIR</STITRE>
	<MODELE>FKR</MODELE>
	<FOUR>1615</FOUR>
	<SUPER>204</SUPER>
	<AFF_POIDS>0</AFF_POIDS>
</ITEMS>
<ITEMS>
	<ARTI>FRC001</ARTI>
	<PERE>FRC001</PERE>
	<SECTEUR>6</SECTEUR>
	<PAGE>102</PAGE>
	<TITRE>FFQ</TITRE>
	<STITRE>FJQ</STITRE>
	<MODELE>FKQ</MODELE>
	<FOUR>3320</FOUR>
	<SUPER>204</SUPER>
	<AFF_POIDS>0</AFF_POIDS>
</ITEMS>
<ITEMS>
	<ARTI>FRC002</ARTI>
	<PERE>FRC002</PERE>
	<SECTEUR>6</SECTEUR>
	<PAGE>102</PAGE>
	<TITRE>FFQ</TITRE>
	<STITRE>FJQ</STITRE>
	<MODELE>FKQ</MODELE>
	<FOUR>3320</FOUR>
	<SUPER>204</SUPER>
	<AFF_POIDS>0</AFF_POIDS>
</ITEMS>
<ITEMS>
	<ARTI>BEZ251</ARTI>
	<PERE>BEZ251</PERE>
	<SECTEUR>6</SECTEUR>
	<PAGE>103</PAGE>
	<TITRE>FMQ</TITRE>
	<STITRE>FNQ</STITRE>
	<MODELE>F0Y</MODELE>
	<FOUR>340</FOUR>
	<SUPER>204</SUPER>
	<AFF_POIDS>0</AFF_POIDS>
</ITEMS>
<ITEMS>
	<ARTI>NOR621</ARTI>
	<PERE>NOR621</PERE>
	<SECTEUR>6</SECTEUR>
	<PAGE>103</PAGE>
	<TITRE>FMQ</TITRE>
	<STITRE>FNQ</STITRE>
	<MODELE>F0Y</MODELE>
	<FOUR>6400</FOUR>
	<SUPER>204</SUPER>
	<AFF_POIDS>0</AFF_POIDS>
</ITEMS>
<ITEMS>
	<ARTI>NOR622</ARTI>
	<PERE>NOR622</PERE>
	<SECTEUR>6</SECTEUR>
	<PAGE>103</PAGE>
	<TITRE>FMQ</TITRE>
	<STITRE>FNQ</STITRE>
	<MODELE>F0Y</MODELE>
	<FOUR>6400</FOUR>
	<SUPER>204</SUPER>
	<AFF_POIDS>0</AFF_POIDS>
</ITEMS>
<ITEMS>
	<ARTI>NOR620</ARTI>
	<PERE>NOR620</PERE>
	<SECTEUR>6</SECTEUR>
	<PAGE>103</PAGE>
	<TITRE>FMQ</TITRE>
	<STITRE>FOQ</STITRE>
	<MODELE></MODELE>
	<FOUR>6400</FOUR>
	<SUPER>204</SUPER>
	<AFF_POIDS>0</AFF_POIDS>
</ITEMS>
<ITEMS>
	<ARTI>NOR619</ARTI>
	<PERE>NOR619</PERE>
	<SECTEUR>6</SECTEUR>
	<PAGE>103</PAGE>
	<TITRE>FMQ</TITRE>
	<STITRE>FOQ</STITRE>
	<MODELE></MODELE>
	<FOUR>6400</FOUR>
	<SUPER>204</SUPER>
	<AFF_POIDS>0</AFF_POIDS>
</ITEMS>
<ITEMS>
	<ARTI>CAD080</ARTI>
	<PERE>CAD080</PERE>
	<SECTEUR>6</SECTEUR>
	<PAGE>104</PAGE>
	<TITRE>FSQ</TITRE>
	<STITRE>FUQ</STITRE>
	<MODELE>F6X</MODELE>
	<FOUR>700</FOUR>
	<SUPER>204</SUPER>
	<AFF_POIDS>0</AFF_POIDS>
</ITEMS>
<ITEMS>
	<ARTI>BOV269</ARTI>
	<PERE>BOV269</PERE>
	<SECTEUR>6</SECTEUR>
	<PAGE>104</PAGE>
	<TITRE>FSQ</TITRE>
	<STITRE>FUQ</STITRE>
	<MODELE>F6X</MODELE>
	<FOUR>465</FOUR>
	<SUPER>204</SUPER>
	<AFF_POIDS>0</AFF_POIDS>
</ITEMS>
<ITEMS>
	<ARTI>CAD082</ARTI>
	<PERE>CAD082</PERE>
	<SECTEUR>6</SECTEUR>
	<PAGE>104</PAGE>
	<TITRE>FSQ</TITRE>
	<STITRE>FVQ</STITRE>
	<MODELE>F9N</MODELE>
	<FOUR>700</FOUR>
	<SUPER>204</SUPER>
	<AFF_POIDS>0</AFF_POIDS>
</ITEMS>
<ITEMS>
	<ARTI>GRA015</ARTI>
	<PERE>GRA015</PERE>
	<SECTEUR>8</SECTEUR>
	<PAGE>8</PAGE>
	<TITRE>HSN</TITRE>
	<STITRE>H6A</STITRE>
	<MODELE></MODELE>
	<FOUR>8506</FOUR>
	<SUPER>223</SUPER>
	<AFF_POIDS>0</AFF_POIDS>
</ITEMS>
<ITEMS>
	<ARTI>REZ001</ARTI>
	<PERE>REZ001</PERE>
	<SECTEUR>8</SECTEUR>
	<PAGE>8</PAGE>
	<TITRE>HSN</TITRE>
	<STITRE>H6G</STITRE>
	<MODELE>H6&#91;</MODELE>
	<FOUR>6802</FOUR>
	<SUPER>223</SUPER>
	<AFF_POIDS>0</AFF_POIDS>
</ITEMS>
<ITEMS>
	<ARTI>DEC028</ARTI>
	<PERE>DEC028</PERE>
	<SECTEUR>8</SECTEUR>
	<PAGE>8</PAGE>
	<TITRE>HSN</TITRE>
	<STITRE>HUN</STITRE>
	<MODELE></MODELE>
	<FOUR>1615</FOUR>
	<SUPER>223</SUPER>
	<AFF_POIDS>0</AFF_POIDS>
</ITEMS>
<ITEMS>
	<ARTI>DEC0280</ARTI>
	<PERE>DEC0280</PERE>
	<SECTEUR>8</SECTEUR>
	<PAGE>8</PAGE>
	<TITRE>HSN</TITRE>
	<STITRE>HUN</STITRE>
	<MODELE></MODELE>
	<FOUR>1615</FOUR>
	<SUPER>223</SUPER>
	<AFF_POIDS>0</AFF_POIDS>
</ITEMS>
<NB_PERES>35</NB_PERES>

<PERES>
	<ARTI>DEC001</ARTI>
	<NB>1</NB>
	<SUPER>204</SUPER>
	<POIDS>1</POIDS>
</PERES>
<PERES>
	<ARTI>DEC002</ARTI>
	<NB>1</NB>
	<SUPER>204</SUPER>
	<POIDS>1</POIDS>
</PERES>
<PERES>
	<ARTI>DEC004</ARTI>
	<NB>1</NB>
	<SUPER>204</SUPER>
	<POIDS>1</POIDS>
</PERES>
<PERES>
	<ARTI>DEC007</ARTI>
	<NB>1</NB>
	<SUPER>204</SUPER>
	<POIDS>1</POIDS>
</PERES>
<PERES>
	<ARTI>DEC009</ARTI>
	<NB>1</NB>
	<SUPER>204</SUPER>
	<POIDS>1</POIDS>
</PERES>
<PERES>
	<ARTI>DEC010</ARTI>
	<NB>1</NB>
	<SUPER>204</SUPER>
	<POIDS>1</POIDS>
</PERES>
<PERES>
	<ARTI>DEC027</ARTI>
	<NB>1</NB>
	<SUPER>204</SUPER>
	<POIDS>1</POIDS>
</PERES>
<PERES>
	<ARTI>DEC026</ARTI>
	<NB>1</NB>
	<SUPER>204</SUPER>
	<POIDS>1</POIDS>
</PERES>
<PERES>
	<ARTI>DEC024</ARTI>
	<NB>1</NB>
	<SUPER>204</SUPER>
	<POIDS>1</POIDS>
</PERES>
<PERES>
	<ARTI>DEC023</ARTI>
	<NB>1</NB>
	<SUPER>204</SUPER>
	<POIDS>1</POIDS>
</PERES>
<PERES>
	<ARTI>DEC025</ARTI>
	<NB>1</NB>
	<SUPER>204</SUPER>
	<POIDS>1</POIDS>
</PERES>
<PERES>
	<ARTI>DEC0110</ARTI>
	<NB>1</NB>
	<SUPER>204</SUPER>
	<POIDS>1</POIDS>
</PERES>
<PERES>
	<ARTI>DEC011</ARTI>
	<NB>1</NB>
	<SUPER>204</SUPER>
	<POIDS>1</POIDS>
</PERES>
<PERES>
	<ARTI>DEC0112</ARTI>
	<NB>1</NB>
	<SUPER>204</SUPER>
	<POIDS>1</POIDS>
</PERES>
<PERES>
	<ARTI>DEC0111</ARTI>
	<NB>1</NB>
	<SUPER>204</SUPER>
	<POIDS>1</POIDS>
</PERES>
<PERES>
	<ARTI>DEC0190</ARTI>
	<NB>4</NB>
	<SUPER>204</SUPER>
	<POIDS>4</POIDS>
</PERES>
<PERES>
	<ARTI>DEC020</ARTI>
	<NB>4</NB>
	<SUPER>204</SUPER>
	<POIDS>4</POIDS>
</PERES>
<PERES>
	<ARTI>DEC019</ARTI>
	<NB>1</NB>
	<SUPER>204</SUPER>
	<POIDS>1</POIDS>
</PERES>
<PERES>
	<ARTI>DEC0217</ARTI>
	<NB>2</NB>
	<SUPER>204</SUPER>
	<POIDS>2</POIDS>
</PERES>
<PERES>
	<ARTI>DEC030</ARTI>
	<NB>1</NB>
	<SUPER>204</SUPER>
	<POIDS>1</POIDS>
</PERES>
<PERES>
	<ARTI>DEC029</ARTI>
	<NB>1</NB>
	<SUPER>204</SUPER>
	<POIDS>1</POIDS>
</PERES>
<PERES>
	<ARTI>FRC001</ARTI>
	<NB>1</NB>
	<SUPER>204</SUPER>
	<POIDS>1</POIDS>
</PERES>
<PERES>
	<ARTI>FRC002</ARTI>
	<NB>1</NB>
	<SUPER>204</SUPER>
	<POIDS>1</POIDS>
</PERES>
<PERES>
	<ARTI>BEZ251</ARTI>
	<NB>1</NB>
	<SUPER>204</SUPER>
	<POIDS>1</POIDS>
</PERES>
<PERES>
	<ARTI>NOR621</ARTI>
	<NB>1</NB>
	<SUPER>204</SUPER>
	<POIDS>1</POIDS>
</PERES>
<PERES>
	<ARTI>NOR622</ARTI>
	<NB>1</NB>
	<SUPER>204</SUPER>
	<POIDS>1</POIDS>
</PERES>
<PERES>
	<ARTI>NOR620</ARTI>
	<NB>1</NB>
	<SUPER>204</SUPER>
	<POIDS>1</POIDS>
</PERES>
<PERES>
	<ARTI>NOR619</ARTI>
	<NB>1</NB>
	<SUPER>204</SUPER>
	<POIDS>1</POIDS>
</PERES>
<PERES>
	<ARTI>CAD080</ARTI>
	<NB>1</NB>
	<SUPER>204</SUPER>
	<POIDS>1</POIDS>
</PERES>
<PERES>
	<ARTI>BOV269</ARTI>
	<NB>1</NB>
	<SUPER>204</SUPER>
	<POIDS>1</POIDS>
</PERES>
<PERES>
	<ARTI>CAD082</ARTI>
	<NB>1</NB>
	<SUPER>204</SUPER>
	<POIDS>1</POIDS>
</PERES>
<PERES>
	<ARTI>GRA015</ARTI>
	<NB>1</NB>
	<SUPER>223</SUPER>
	<POIDS>1</POIDS>
</PERES>
<PERES>
	<ARTI>REZ001</ARTI>
	<NB>1</NB>
	<SUPER>223</SUPER>
	<POIDS>1</POIDS>
</PERES>
<PERES>
	<ARTI>DEC028</ARTI>
	<NB>1</NB>
	<SUPER>223</SUPER>
	<POIDS>1</POIDS>
</PERES>
<PERES>
	<ARTI>DEC0280</ARTI>
	<NB>1</NB>
	<SUPER>223</SUPER>
	<POIDS>1</POIDS>
</PERES>
<NB>42</NB>

</ITEM>